dataset,backbone,method,metric,estimate,ci_low,ci_high,bootstrap_samples
Recipes5k,clip,mlp_late,accuracy,0.913154533844189,0.8914431673052363,0.933588761174968,2000
Recipes5k,clip,mlp_late,macro_f1,0.902523558244982,0.8734726832521553,0.91730502877574,2000
Recipes5k,clip,mlp_late,auroc,0.9952298107465392,0.992482703040974,0.9974363329146355,2000
fakeddit,siglip,i2moe,accuracy,0.8508805270492842,0.8427720765235018,0.8588622830356012,2000
fakeddit,siglip,i2moe,macro_f1,0.8462205081135695,0.8379630819788999,0.8542948545478065,2000
fakeddit,siglip,i2moe,auroc,0.9208188653986421,0.9147734641654575,0.9268867675732091,2000
mbrset,biomedclip,i2moe,accuracy,0.797676669893514,0.7734753146176185,0.8228460793804453,2000
mbrset,biomedclip,i2moe,macro_f1,0.7073031521949857,0.6741664069368514,0.7402297487868084,2000
mbrset,biomedclip,i2moe,auroc,0.7861005650715169,0.7506395139694357,0.8205456673658943,2000
fakeddit,siglip,mlp_early,accuracy,0.8493601925757,0.8415051311288484,0.8572184213860382,2000
fakeddit,siglip,mlp_early,macro_f1,0.8467194729677039,0.8387172167652535,0.8547909884716595,2000
fakeddit,siglip,mlp_early,auroc,0.9233533578297565,0.9171142883481932,0.9291364291527587,2000
fakeddit,siglip,text_only,accuracy,0.7082224756113011,0.6985936906119347,0.7186114278474598,2000
fakeddit,siglip,text_only,macro_f1,0.7069505450583322,0.6972091656444259,0.7172863855060315,2000
fakeddit,siglip,text_only,auroc,0.7691974216652769,0.7588902953588287,0.7801896119559517,2000
Recipes5k,clip,text_only,accuracy,0.7701149425287356,0.7407407407407407,0.7982120051085568,2000
Recipes5k,clip,text_only,macro_f1,0.74899127243189,0.7066891843181976,0.7656189940008382,2000
Recipes5k,clip,text_only,auroc,0.9853000862108315,0.9805165709877578,0.9898239623326086,2000
Recipes5k,clip,image_only,accuracy,0.6704980842911877,0.6372924648786717,0.70242656449553,2000
Recipes5k,clip,image_only,macro_f1,0.6377571697563728,0.5901888275420482,0.6572479806386547,2000
Recipes5k,clip,image_only,auroc,0.9774651866979979,0.9718590786920837,0.9826423930750875,2000
fakeddit,clip,image_only,accuracy,0.7613074876472824,0.7521854808057773,0.7706828835677182,2000
fakeddit,clip,image_only,macro_f1,0.7563218552035428,0.7469468680396351,0.7657853453775563,2000
fakeddit,clip,image_only,auroc,0.8275162448391601,0.8182084884540449,0.8368202805794736,2000
mbrset,biomedclip,mcr_late,accuracy,0.7831558567279767,0.7589545014520813,0.8073572120038722,2000
mbrset,biomedclip,mcr_late,macro_f1,0.43919652551574373,0.4314804623004953,0.4467059453668988,2000
mbrset,biomedclip,mcr_late,auroc,0.5975438151156631,0.557500182018454,0.6404335259689997,2000
Recipes5k,siglip,i2moe,accuracy,0.8939974457215837,0.8710089399744572,0.9144316730523627,2000
Recipes5k,siglip,i2moe,macro_f1,0.8795030801008181,0.8480106577771134,0.8946557742338387,2000
Recipes5k,siglip,i2moe,auroc,0.9955774723318483,0.9929317393466831,0.9977736079622689,2000
mbrset,medsiglip,i2moe,accuracy,0.9177153920619555,0.9012584704743466,0.9341723136495643,2000
mbrset,medsiglip,i2moe,macro_f1,0.8758218555231378,0.8500334749853767,0.8998066396768871,2000
mbrset,medsiglip,i2moe,auroc,0.9511632526929189,0.9347207535633387,0.965493406725766,2000
Recipes5k,siglip,gated_attention,accuracy,0.8633461047254151,0.8390804597701149,0.8863346104725415,2000
Recipes5k,siglip,gated_attention,macro_f1,0.8358848576655031,0.8040580447047151,0.8531234876697387,2000
Recipes5k,siglip,gated_attention,auroc,0.9882337083243382,0.983396349880447,0.9921666419308282,2000
fakeddit,clip,gated_attention,accuracy,0.8696313188901559,0.8624097301406309,0.8771062967186114,2000
fakeddit,clip,gated_attention,macro_f1,0.8678750811211253,0.8606249895167081,0.8754076523354758,2000
fakeddit,clip,gated_attention,auroc,0.9385982172576878,0.9335443467794923,0.9437281097521079,2000
mbrset,medsiglip,linear,accuracy,0.9060987415295256,0.888673765730881,0.9235237173281704,2000
mbrset,medsiglip,linear,macro_f1,0.8624302375869242,0.8353122218484629,0.8874146838497496,2000
mbrset,medsiglip,linear,auroc,0.9333778474306904,0.9119088845624815,0.9517582516446077,2000
Recipes5k,clip,linear,accuracy,0.8710089399744572,0.8467432950191571,0.89272030651341,2000
Recipes5k,clip,linear,macro_f1,0.8596633575513508,0.8265840563954628,0.875383580986252,2000
Recipes5k,clip,linear,auroc,0.9914791939263314,0.9873402633176533,0.9950055454415143,2000
Recipes5k,clip,gated_attention,accuracy,0.8492975734355045,0.8237547892720306,0.8735632183908046,2000
Recipes5k,clip,gated_attention,macro_f1,0.8348695144069573,0.8003048280347553,0.8510955374115295,2000
Recipes5k,clip,gated_attention,auroc,0.9922911551362237,0.989787064817937,0.9945449937754665,2000
Recipes5k,clip,mlp_early,accuracy,0.9042145593869731,0.8837803320561941,0.9246487867177522,2000
Recipes5k,clip,mlp_early,macro_f1,0.8945233365918159,0.8656855649122772,0.9094186531380392,2000
Recipes5k,clip,mlp_early,auroc,0.9957092189558627,0.9936637362783103,0.997573113538413,2000
fakeddit,siglip,gated_attention,accuracy,0.8356771823134423,0.8273121753452427,0.8439123273786899,2000
fakeddit,siglip,gated_attention,macro_f1,0.8328191862665486,0.824312600307056,0.8411305438353791,2000
fakeddit,siglip,gated_attention,auroc,0.9083367394638833,0.9016461253872226,0.9147717989390729,2000
Recipes5k,clip,i2moe,accuracy,0.9016602809706258,0.879948914431673,0.9220945083014048,2000
Recipes5k,clip,i2moe,macro_f1,0.8874411807526483,0.8573206492228111,0.902291231508589,2000
Recipes5k,clip,i2moe,auroc,0.9962132720682066,0.9936158102852911,0.9982054298541431,2000
Recipes5k,clip,mcr_late,accuracy,0.9029374201787995,0.8812260536398467,0.9233716475095786,2000
Recipes5k,clip,mcr_late,macro_f1,0.8898663018923267,0.8579301195177144,0.9065822511264734,2000
Recipes5k,clip,mcr_late,auroc,0.9938172918188981,0.9906191117747672,0.9963152345115064,2000
fakeddit,clip,text_only,accuracy,0.7808184467249462,0.7720765235018371,0.7903205371848473,2000
fakeddit,clip,text_only,macro_f1,0.7795230891804077,0.7708829828559144,0.7890828165205088,2000
fakeddit,clip,text_only,auroc,0.859660622073337,0.8517736441423305,0.8682395941790367,2000
fakeddit,siglip,linear,accuracy,0.801089573039402,0.7924711769922717,0.8097048017230457,2000
fakeddit,siglip,linear,macro_f1,0.7979687265231763,0.7890075373015418,0.8066816123245995,2000
fakeddit,siglip,linear,auroc,0.8753460156587595,0.8674153304635853,0.8833274444394476,2000
mbrset,biomedclip,mlp_late,accuracy,0.7986447241045499,0.7754114230396902,0.8219022265246853,2000
mbrset,biomedclip,mlp_late,macro_f1,0.5200929152148664,0.4886419650761777,0.5526696517396557,2000
mbrset,biomedclip,mlp_late,auroc,0.7706162811230797,0.7349884504498216,0.8071054310187716,2000
fakeddit,siglip,mlp_late,accuracy,0.8366907386291651,0.8283288990244521,0.8447991891549474,2000
fakeddit,siglip,mlp_late,macro_f1,0.8344414611551658,0.8258512816869208,0.8427346595917048,2000
fakeddit,siglip,mlp_late,auroc,0.9109789699913187,0.9044133209212091,0.9172688483922028,2000
mbrset,medsiglip,mlp_early,accuracy,0.9244917715392061,0.9080348499515973,0.9399806389157793,2000
mbrset,medsiglip,mlp_early,macro_f1,0.8929061310422559,0.8688830069738324,0.9151017053626465,2000
mbrset,medsiglip,mlp_early,auroc,0.9578872726470069,0.939751853199379,0.9735413214402335,2000
Recipes5k,siglip,linear,accuracy,0.8914431673052363,0.8696998722860791,0.913154533844189,2000
Recipes5k,siglip,linear,macro_f1,0.8805987063865942,0.8485934684889646,0.8971832364593935,2000
Recipes5k,siglip,linear,auroc,0.9917866762443459,0.9871599916838375,0.9957623070265668,2000
mbrset,medsiglip,mlp_late,accuracy,0.9235237173281704,0.9070667957405615,0.9390125847047435,2000
mbrset,medsiglip,mlp_late,macro_f1,0.8808943831047995,0.8541659879396019,0.9042574811259503,2000
mbrset,medsiglip,mlp_late,auroc,0.947885396432986,0.9304323033239204,0.9629447206118458,2000
mbrset,medsiglip,image_only,accuracy,0.9090029041626331,0.8915779283639884,0.9264278799612778,2000
mbrset,medsiglip,image_only,macro_f1,0.8585343822843823,0.8306475117188449,0.8838623920191998,2000
mbrset,medsiglip,image_only,auroc,0.9268773176761433,0.9040692775362899,0.9468958526333023,2000
mbrset,medsiglip,mcr_late,accuracy,0.9022265246853823,0.8838334946757018,0.9196757018393029,2000
mbrset,medsiglip,mcr_late,macro_f1,0.8354693475261187,0.8032469880295967,0.8643278197115198,2000
mbrset,medsiglip,mcr_late,auroc,0.9281685943846018,0.9058628104833446,0.9475996673041583,2000
mbrset,medsiglip,gated_attention,accuracy,0.8964181994191674,0.8780251694094869,0.9138431752178122,2000
mbrset,medsiglip,gated_attention,macro_f1,0.8570704425694242,0.8315853501360254,0.8807506694989409,2000
mbrset,medsiglip,gated_attention,auroc,0.9511135882041322,0.9345823619251464,0.9656263133371868,2000
mbrset,biomedclip,gated_attention,accuracy,0.7831558567279767,0.7589545014520813,0.8073572120038722,2000
mbrset,biomedclip,gated_attention,macro_f1,0.43919652551574373,0.4314804623004953,0.4467059453668988,2000
mbrset,biomedclip,gated_attention,auroc,0.586374823415151,0.5445241136136356,0.6294168723554933,2000
fakeddit,siglip,mcr_late,accuracy,0.8349170150766502,0.8265551754719371,0.8428987710629672,2000
fakeddit,siglip,mcr_late,macro_f1,0.8314376297059407,0.822892593555491,0.8395837706588938,2000
fakeddit,siglip,mcr_late,auroc,0.9078869158594376,0.9012741491372114,0.9142812781142016,2000
mbrset,biomedclip,linear,accuracy,0.7618586640851888,0.7357212003872217,0.7879961277831559,2000
mbrset,biomedclip,linear,macro_f1,0.6642381480894245,0.6303888311654797,0.6967798096950157,2000
mbrset,biomedclip,linear,auroc,0.7170945170404379,0.6747669160959491,0.7566371171231793,2000
Recipes5k,siglip,mcr_late,accuracy,0.9003831417624522,0.8786717752234994,0.9208173690932312,2000
Recipes5k,siglip,mcr_late,macro_f1,0.8856591335655185,0.8544406311214771,0.9012872783926861,2000
Recipes5k,siglip,mcr_late,auroc,0.991528208120744,0.9878550016367935,0.9948712042648741,2000
fakeddit,clip,mlp_late,accuracy,0.868617762574433,0.8613961738249082,0.8759660458634233,2000
fakeddit,clip,mlp_late,macro_f1,0.8669488291011054,0.859815084800113,0.8742349085252533,2000
fakeddit,clip,mlp_late,auroc,0.9416795203163453,0.9365829169387567,0.9465531352676925,2000
Recipes5k,siglip,mlp_early,accuracy,0.8991060025542784,0.876117496807152,0.9208173690932312,2000
Recipes5k,siglip,mlp_early,macro_f1,0.8903834641450742,0.8605003777366224,0.9058589305409559,2000
Recipes5k,siglip,mlp_early,auroc,0.9934479704783612,0.9896453256063028,0.9961615258859403,2000
fakeddit,siglip,image_only,accuracy,0.7722032180413024,0.762954516660332,0.7817053085012036,2000
fakeddit,siglip,image_only,macro_f1,0.7683421162875854,0.7587925592430602,0.7778433014667016,2000
fakeddit,siglip,image_only,auroc,0.8373205740072699,0.8283546745523628,0.846270194241567,2000
fakeddit,clip,i2moe,accuracy,0.8830609400734828,0.8759660458634233,0.8901558342835424,2000
fakeddit,clip,i2moe,macro_f1,0.8809786478778225,0.8739228843527146,0.8883165055989676,2000
fakeddit,clip,i2moe,auroc,0.9491518085318958,0.9446364945051174,0.9534554150962985,2000
mbrset,biomedclip,mlp_early,accuracy,0.7831558567279767,0.7589545014520813,0.8083252662149081,2000
mbrset,biomedclip,mlp_early,macro_f1,0.7052811770819535,0.6727669588461236,0.7366406441979024,2000
mbrset,biomedclip,mlp_early,auroc,0.7861667843898993,0.7508754059961926,0.8219921116614223,2000
mbrset,biomedclip,image_only,accuracy,0.7347531461761858,0.707647628267183,0.7618586640851888,2000
mbrset,biomedclip,image_only,macro_f1,0.6385159642401022,0.6068760241477128,0.671074110627751,2000
mbrset,biomedclip,image_only,auroc,0.7113334363411619,0.671550494815709,0.7514913267758545,2000
fakeddit,clip,mcr_late,accuracy,0.8700114025085519,0.862789813759027,0.8776130748764728,2000
fakeddit,clip,mcr_late,macro_f1,0.8680719605888219,0.8607741600271638,0.8756885877194915,2000
fakeddit,clip,mcr_late,auroc,0.9409030070004751,0.9357511484943363,0.9455974708002691,2000
fakeddit,clip,linear,accuracy,0.8299759280375015,0.8216140884327885,0.8387178512606107,2000
fakeddit,clip,linear,macro_f1,0.8278799654369179,0.8192608555892068,0.8367201356695854,2000
fakeddit,clip,linear,auroc,0.9055024837252788,0.8990440850388497,0.9124675596838143,2000
mbrset,biomedclip,text_only,accuracy,0.6505324298160697,0.6214908034849952,0.68054211035818,2000
mbrset,biomedclip,text_only,macro_f1,0.5563269098752786,0.5239763324213305,0.5869454850328518,2000
mbrset,biomedclip,text_only,auroc,0.6093115398198834,0.566928351828338,0.6502226961584522,2000
fakeddit,clip,mlp_early,accuracy,0.8897757506651464,0.8830609400734828,0.8966204231597618,2000
fakeddit,clip,mlp_early,macro_f1,0.8883073740675569,0.8814705551277402,0.8952525441195439,2000
fakeddit,clip,mlp_early,auroc,0.9514188233557744,0.946991457562786,0.9558007006142613,2000
Recipes5k,siglip,mlp_late,accuracy,0.896551724137931,0.8748403575989783,0.9169859514687101,2000
Recipes5k,siglip,mlp_late,macro_f1,0.8790482286244481,0.8490343822254496,0.8946620740003446,2000
Recipes5k,siglip,mlp_late,auroc,0.9902795851538738,0.9862747390613494,0.9939545326654251,2000
Recipes5k,siglip,text_only,accuracy,0.722860791826309,0.6896551724137931,0.7535121328224776,2000
Recipes5k,siglip,text_only,macro_f1,0.6991897937326544,0.6553716634724103,0.7182064068150357,2000
Recipes5k,siglip,text_only,auroc,0.981857615674428,0.9769617169791968,0.9861499311752984,2000
mbrset,medsiglip,text_only,accuracy,0.750242013552759,0.7221684414327202,0.7763794772507261,2000
mbrset,medsiglip,text_only,macro_f1,0.6262411228164653,0.5916265302861112,0.6593282467350092,2000
mbrset,medsiglip,text_only,auroc,0.7104091250220731,0.6706320954855063,0.7468018473637221,2000
Recipes5k,siglip,image_only,accuracy,0.8684546615581098,0.8441890166028098,0.89272030651341,2000
Recipes5k,siglip,image_only,macro_f1,0.858313012517868,0.8239221878512631,0.8747055560990616,2000
Recipes5k,siglip,image_only,auroc,0.9902320296535161,0.986177583796523,0.9938263141029824,2000
