dataset,backbone,comparison,metric,difference,ci_low,ci_high,bootstrap_samples
fakeddit,siglip,i2moe - mlp_early,accuracy,0.0015203344735842395,-0.004687697960217951,0.007984923349803623,2000
fakeddit,siglip,i2moe - mlp_early,macro_f1,-0.000498964854134365,-0.006929532273989386,0.006192736959893045,2000
fakeddit,siglip,i2moe - mlp_early,auroc,-0.0025344924311143657,-0.005493063387116743,0.0006295868470491312,2000
fakeddit,siglip,i2moe - mlp_late,accuracy,0.014189788420119087,0.007981755986317007,0.02052768275687313,2000
fakeddit,siglip,i2moe - mlp_late,macro_f1,0.011779046958403705,0.005377785455242895,0.018194154839422917,2000
fakeddit,siglip,i2moe - mlp_late,auroc,0.00983989540732344,0.0066436724229029884,0.012920452488676383,2000
mbrset,biomedclip,i2moe - mlp_early,accuracy,0.014520813165537327,-0.006776379477250738,0.03678606001936113,2000
mbrset,biomedclip,i2moe - mlp_early,macro_f1,0.0020219751130322594,-0.024082580317534876,0.028175469215379074,2000
mbrset,biomedclip,i2moe - mlp_early,auroc,-6.621931838235451e-05,-0.018586771914859142,0.01788430956677458,2000
mbrset,biomedclip,i2moe - mlp_late,accuracy,-0.0009680542110358514,-0.027105517909002952,0.025169409486931252,2000
mbrset,biomedclip,i2moe - mlp_late,macro_f1,0.1872102369801193,0.14461125182264126,0.22907125202037534,2000
mbrset,biomedclip,i2moe - mlp_late,auroc,0.01548428394843726,0.0007600266080139002,0.030587105269074464,2000
mbrset,biomedclip,mcr_late - mlp_late,accuracy,-0.015488867376573179,-0.02420135527589551,-0.007744433688286478,2000
mbrset,biomedclip,mcr_late - mlp_late,macro_f1,-0.08089638969912272,-0.11264333591315884,-0.050193921913931024,2000
mbrset,biomedclip,mcr_late - mlp_late,auroc,-0.17307246600741655,-0.219551328523528,-0.12788045314283325,2000
Recipes5k,siglip,i2moe - mlp_early,accuracy,-0.005108556832694733,-0.02298850574712652,0.012771392081736943,2000
Recipes5k,siglip,i2moe - mlp_early,macro_f1,-0.010880384044256064,-0.03492086341892008,0.012572948518659683,2000
Recipes5k,siglip,i2moe - mlp_early,auroc,0.002129501853487148,-0.0008733221884871939,0.005735812266997177,2000
Recipes5k,siglip,i2moe - mlp_late,accuracy,-0.0025542784163473664,-0.01532567049808431,0.010217113665389466,2000
Recipes5k,siglip,i2moe - mlp_late,macro_f1,0.00045485147637003287,-0.015650437065318573,0.01585574898379785,2000
Recipes5k,siglip,i2moe - mlp_late,auroc,0.005297887177974525,0.00318127870237917,0.007726070376892076,2000
mbrset,medsiglip,i2moe - mlp_early,accuracy,-0.006776379477250627,-0.022265246853823806,0.00871248789932244,2000
mbrset,medsiglip,i2moe - mlp_early,macro_f1,-0.017084275519118064,-0.039425019155531246,0.005555620560337018,2000
mbrset,medsiglip,i2moe - mlp_early,auroc,-0.006724019954088001,-0.01891705018798109,0.006583754491883472,2000
mbrset,medsiglip,i2moe - mlp_late,accuracy,-0.0058083252662148865,-0.014520813165537327,0.0029041626331074433,2000
mbrset,medsiglip,i2moe - mlp_late,macro_f1,-0.005072527581661657,-0.017579103191480757,0.007332706814516465,2000
mbrset,medsiglip,i2moe - mlp_late,auroc,0.003277856259932932,0.0011778027021538046,0.005540676051633699,2000
Recipes5k,siglip,gated_attention - mlp_late,accuracy,-0.033205619412515985,-0.05108556832694766,-0.014048531289910678,2000
Recipes5k,siglip,gated_attention - mlp_late,macro_f1,-0.04316337095894496,-0.06630326800093933,-0.019858177680765792,2000
Recipes5k,siglip,gated_attention - mlp_late,auroc,-0.002045876829535609,-0.005828122544244562,0.0016328259266339318,2000
Recipes5k,siglip,gated_attention - mlp_early,accuracy,-0.03575989782886335,-0.05747126436781602,-0.014048531289910678,2000
Recipes5k,siglip,gated_attention - mlp_early,macro_f1,-0.054498606479571055,-0.08036077420978964,-0.02723073692160163,2000
Recipes5k,siglip,gated_attention - mlp_early,auroc,-0.005214262154022986,-0.00953255422584968,-0.0011605706870326036,2000
fakeddit,clip,gated_attention - mlp_late,accuracy,0.0010135563157228633,-0.0051944761180793275,0.007728366907386319,2000
fakeddit,clip,gated_attention - mlp_late,macro_f1,0.0009262520200199464,-0.0053319913597874,0.007679234698443512,2000
fakeddit,clip,gated_attention - mlp_late,auroc,-0.003081303058657503,-0.006109627410506496,-8.372576055968022e-05,2000
fakeddit,clip,gated_attention - mlp_early,accuracy,-0.02014443177499048,-0.026479158748257906,-0.013936399341188399,2000
fakeddit,clip,gated_attention - mlp_early,macro_f1,-0.020432292946431563,-0.02685308202019425,-0.014188463091735914,2000
fakeddit,clip,gated_attention - mlp_early,auroc,-0.012820606098086662,-0.01631911827333234,-0.009260625649432901,2000
Recipes5k,clip,gated_attention - mlp_late,accuracy,-0.0638569604086845,-0.08812260536398464,-0.03959131545338446,2000
Recipes5k,clip,gated_attention - mlp_late,macro_f1,-0.06765404383802465,-0.09720010543538757,-0.04256641315186085,2000
Recipes5k,clip,gated_attention - mlp_late,auroc,-0.002938655610315477,-0.00561527880926744,0.00012564594558669252,2000
Recipes5k,clip,gated_attention - mlp_early,accuracy,-0.054916985951468655,-0.07790549169859518,-0.03192848020434236,2000
Recipes5k,clip,gated_attention - mlp_early,macro_f1,-0.059653822184858596,-0.0885245158057213,-0.03628931922283418,2000
Recipes5k,clip,gated_attention - mlp_early,auroc,-0.00341806381963905,-0.0060216833517782115,-0.0008322771178874687,2000
fakeddit,siglip,gated_attention - mlp_late,accuracy,-0.0010135563157227523,-0.007601672367920975,0.005701254275940704,2000
fakeddit,siglip,gated_attention - mlp_late,macro_f1,-0.0016222748886172145,-0.00821634415137289,0.0051307365864907304,2000
fakeddit,siglip,gated_attention - mlp_late,auroc,-0.0026422305274353963,-0.006198759205885415,0.0008378857533711718,2000
fakeddit,siglip,gated_attention - mlp_early,accuracy,-0.0136830102622576,-0.02078107183580394,-0.006714810591663456,2000
fakeddit,siglip,gated_attention - mlp_early,macro_f1,-0.013900286701155284,-0.0210989978093157,-0.006902746101420038,2000
fakeddit,siglip,gated_attention - mlp_early,auroc,-0.015016618365873202,-0.018694017695006112,-0.011370427296781605,2000
Recipes5k,clip,i2moe - mlp_early,accuracy,-0.0025542784163473664,-0.016602809706258048,0.011494252873563204,2000
Recipes5k,clip,i2moe - mlp_early,macro_f1,-0.007082155839167603,-0.024719861206070837,0.010063518542322663,2000
Recipes5k,clip,i2moe - mlp_early,auroc,0.0005040531123439163,-0.0016655322635052954,0.0028273983175123338,2000
Recipes5k,clip,i2moe - mlp_late,accuracy,-0.011494252873563204,-0.02426564495530004,0.0,2000
Recipes5k,clip,i2moe - mlp_late,macro_f1,-0.015082377492333654,-0.02954393597238332,-0.0015185639233182668,2000
Recipes5k,clip,i2moe - mlp_late,auroc,0.0009834613216674892,0.00040293861482666726,0.0017941036313493253,2000
Recipes5k,clip,mcr_late - mlp_late,accuracy,-0.010217113665389466,-0.017879948914431676,-0.0025542784163473664,2000
Recipes5k,clip,mcr_late - mlp_late,macro_f1,-0.012657256352655244,-0.025578792364488085,-0.002167308157549414,2000
Recipes5k,clip,mcr_late - mlp_late,auroc,-0.0014125189276410488,-0.0021939028256014017,-0.0008538921853608664,2000
mbrset,medsiglip,mcr_late - mlp_late,accuracy,-0.021297192642788065,-0.03388189738625369,-0.009680542110358181,2000
mbrset,medsiglip,mcr_late - mlp_late,macro_f1,-0.04542503557868083,-0.06844942212530082,-0.0258482823322312,2000
mbrset,medsiglip,mcr_late - mlp_late,auroc,-0.01971680204838422,-0.030800177258918274,-0.009851498123118996,2000
mbrset,medsiglip,gated_attention - mlp_late,accuracy,-0.027105517909002952,-0.04261858664085191,-0.010648596321394033,2000
mbrset,medsiglip,gated_attention - mlp_late,macro_f1,-0.023823940535375288,-0.04654313365001773,-0.0006406514742532528,2000
mbrset,medsiglip,gated_attention - mlp_late,auroc,0.003228191771146194,-0.00010190083626234188,0.007163427483748935,2000
mbrset,medsiglip,gated_attention - mlp_early,accuracy,-0.028073572120038692,-0.04356243949661176,-0.012584704743465625,2000
mbrset,medsiglip,gated_attention - mlp_early,macro_f1,-0.035835688472831695,-0.05513421945329792,-0.015578713825373153,2000
mbrset,medsiglip,gated_attention - mlp_early,auroc,-0.006773684442874739,-0.01876084523823729,0.006736473126110639,2000
mbrset,biomedclip,gated_attention - mlp_late,accuracy,-0.015488867376573179,-0.02420135527589551,-0.007744433688286478,2000
mbrset,biomedclip,gated_attention - mlp_late,macro_f1,-0.08089638969912272,-0.11264333591315884,-0.050193921913931024,2000
mbrset,biomedclip,gated_attention - mlp_late,auroc,-0.18424145770792866,-0.23501825108830185,-0.13209988523394542,2000
mbrset,biomedclip,gated_attention - mlp_early,accuracy,0.0,-0.030009680542110395,0.03194578896418199,2000
mbrset,biomedclip,gated_attention - mlp_early,macro_f1,-0.26608465156620975,-0.2997178694786369,-0.22948894275813858,2000
mbrset,biomedclip,gated_attention - mlp_early,auroc,-0.19979196097474827,-0.2478661954144966,-0.14757350401053643,2000
fakeddit,siglip,mcr_late - mlp_late,accuracy,-0.0017737235525149275,-0.00709806157354623,0.003294058026099056,2000
fakeddit,siglip,mcr_late - mlp_late,macro_f1,-0.003003831449225114,-0.00848136806063717,0.0020760687549357293,2000
fakeddit,siglip,mcr_late - mlp_late,auroc,-0.0030920541318810724,-0.005297854826722776,-0.0008380227476728707,2000
Recipes5k,siglip,mcr_late - mlp_late,accuracy,0.003831417624521105,-0.0025542784163473664,0.010217113665389577,2000
Recipes5k,siglip,mcr_late - mlp_late,macro_f1,0.006610904941070417,-0.0027362572496441835,0.016437235783316375,2000
Recipes5k,siglip,mcr_late - mlp_late,auroc,0.0012486229668702276,0.0007145427768307344,0.0018437050504466418,2000
fakeddit,clip,i2moe - mlp_early,accuracy,-0.006714810591663567,-0.01241606486760427,-0.0012669453946534404,2000
fakeddit,clip,i2moe - mlp_early,macro_f1,-0.007328726189734347,-0.013102134753931734,-0.0018560542519077505,2000
fakeddit,clip,i2moe - mlp_early,auroc,-0.002267014823878588,-0.0049174623334377245,0.0003636127408102632,2000
fakeddit,clip,i2moe - mlp_late,accuracy,0.014443177499049775,0.008612061320157094,0.020271126314455823,2000
fakeddit,clip,i2moe - mlp_late,macro_f1,0.014029818776717162,0.008061589785441827,0.019862915521418605,2000
fakeddit,clip,i2moe - mlp_late,auroc,0.007472288215550571,0.004770902386438183,0.01039492256721656,2000
fakeddit,clip,mcr_late - mlp_late,accuracy,0.0013936399341188954,-0.002913974407703024,0.006081337894336738,2000
fakeddit,clip,mcr_late - mlp_late,macro_f1,0.0011231314877164777,-0.0032363968154926924,0.005917845613092999,2000
fakeddit,clip,mcr_late - mlp_late,auroc,-0.000776513315870142,-0.0024631194659489376,0.0008651283082998757,2000
