dataset,backbone,method,trainable_parameters,model_size_mb,flops_per_sample,latency_p50_ms,latency_p95_ms,peak_gpu_memory_mb,device,warmup,iterations
Recipes5k,siglip,mlp_early,210021,0.8011665344238281,419072,0.13209599256515503,0.2161664061248302,9.93994140625,cuda,50,200
fakeddit,clip,mcr_late,132870,0.5068588256835938,263168,0.2584799975156784,0.266273607313633,9.642578125,cuda,50,200
fakeddit,siglip,mlp_early,197250,0.7524490356445312,393728,0.16699200123548508,0.24418880343437194,9.8916015625,cuda,50,200
mbrset,biomedclip,i2moe,661132,2.5220184326171875,1315848,1.0889919996261597,1.0966112434864044,11.669921875,cuda,50,200
mbrset,biomedclip,image_only,1026,0.00391387939453125,2048,0.07868800312280655,0.1255728021264076,9.1337890625,cuda,50,200
mbrset,medsiglip,mcr_late,296710,1.1318588256835938,590848,0.2608639895915985,0.29052799940109253,10.2724609375,cuda,50,200
mbrset,medsiglip,i2moe,1480332,5.6470184326171875,2954248,1.0813120007514954,1.0904927968978881,14.8046875,cuda,50,200
Recipes5k,siglip,gated_attention,243559,0.9291038513183594,485250,0.3925600051879883,0.4004816025495529,10.06640625,cuda,50,200
mbrset,medsiglip,gated_attention,329092,1.2553863525390625,656514,0.39107200503349304,0.3981776133179665,10.39599609375,cuda,50,200
mbrset,biomedclip,mlp_late,132354,0.5048904418945312,263168,0.2627680003643036,0.30019839107990265,9.638671875,cuda,50,200
Recipes5k,siglip,mcr_late,249391,0.9513511657714844,444928,0.26068800687789917,0.2885024130344391,10.087890625,cuda,50,200
Recipes5k,siglip,i2moe,1090584,4.160247802734375,2174356,1.0912960171699524,1.098230355978012,13.310546875,cuda,50,200
Recipes5k,clip,image_only,51813,0.19765090942382812,103424,0.06526399776339531,0.09802080132067204,9.3271484375,cuda,50,200
mbrset,medsiglip,text_only,2306,0.00879669189453125,4608,0.05579200014472008,0.08484159782528877,9.1435546875,cuda,50,200
Recipes5k,clip,gated_attention,178023,0.6791038513183594,354178,0.3908800035715103,0.3980031982064247,9.814453125,cuda,50,200
mbrset,biomedclip,text_only,1026,0.00391387939453125,2048,0.046751998364925385,0.0489984005689621,9.1337890625,cuda,50,200
Recipes5k,siglip,text_only,77669,0.2962837219238281,155136,0.06003199890255928,0.09527840241789817,9.427734375,cuda,50,200
Recipes5k,siglip,image_only,77669,0.2962837219238281,155136,0.0595840010792017,0.07129759863018989,9.427734375,cuda,50,200
mbrset,medsiglip,linear,4610,0.01758575439453125,9216,0.06859200075268745,0.08451680280268192,9.1611328125,cuda,50,200
fakeddit,clip,gated_attention,165252,0.6303863525390625,328834,0.3910079896450043,0.39908639192581175,9.76611328125,cuda,50,200
fakeddit,clip,mlp_early,131714,0.5024490356445312,262656,0.1672160029411316,0.1917120061814785,9.6376953125,cuda,50,200
fakeddit,clip,i2moe,661132,2.5220184326171875,1315848,1.088367998600006,1.095980805158615,11.669921875,cuda,50,200
Recipes5k,clip,text_only,51813,0.19765090942382812,103424,0.062352001667022705,0.09774079918861389,9.3271484375,cuda,50,200
Recipes5k,clip,mcr_late,183855,0.7013511657714844,313856,0.2596160024404526,0.26769119054079055,9.8359375,cuda,50,200
mbrset,medsiglip,mlp_early,295554,1.1274490356445312,590336,0.1674559935927391,0.2889071941375732,10.2724609375,cuda,50,200
Recipes5k,siglip,mlp_late,223333,0.8519477844238281,444928,0.26025600731372833,0.26876961141824723,9.9873046875,cuda,50,200
Recipes5k,clip,linear,103525,0.3949165344238281,206848,0.07465600222349167,0.16665600165724753,9.5283203125,cuda,50,200
fakeddit,siglip,image_only,1538,0.00586700439453125,3072,0.042368000373244286,0.04925919882953166,9.1376953125,cuda,50,200
fakeddit,siglip,text_only,1538,0.00586700439453125,3072,0.057023998349905014,0.08467679657042027,9.1376953125,cuda,50,200
fakeddit,clip,text_only,1026,0.00391387939453125,2048,0.06014399975538254,0.06381920166313648,9.1337890625,cuda,50,200
mbrset,biomedclip,gated_attention,165252,0.6303863525390625,328834,0.3927360028028488,0.3997263967990875,9.76611328125,cuda,50,200
Recipes5k,siglip,linear,155237,0.5921821594238281,310272,0.07089600339531898,0.12076000273227691,9.7294921875,cuda,50,200
fakeddit,siglip,mcr_late,198406,0.7568588256835938,394240,0.2613919973373413,0.29978558868169786,9.89453125,cuda,50,200
Recipes5k,clip,mlp_late,157797,0.6019477844238281,313856,0.25998400151729584,0.26873759776353834,9.7353515625,cuda,50,200
mbrset,biomedclip,linear,2050,0.00782012939453125,4096,0.06401600316166878,0.09377759881317616,9.1416015625,cuda,50,200
mbrset,biomedclip,mcr_late,132870,0.5068588256835938,263168,0.260112002491951,0.2681663855910301,9.642578125,cuda,50,200
Recipes5k,clip,mlp_early,144485,0.5511665344238281,288000,0.16702400147914886,0.2391151949763298,9.68603515625,cuda,50,200
fakeddit,clip,linear,2050,0.00782012939453125,4096,0.06406400352716446,0.0700191967189312,9.1416015625,cuda,50,200
fakeddit,clip,image_only,1026,0.00391387939453125,2048,0.05012800171971321,0.05210240166634321,9.1337890625,cuda,50,200
fakeddit,siglip,i2moe,988812,3.7720184326171875,1971208,1.0904639959335327,1.0964495956897735,12.923828125,cuda,50,200
Recipes5k,clip,i2moe,762904,2.910247802734375,1518996,1.0785759687423706,1.0853935599327087,12.056640625,cuda,50,200
fakeddit,siglip,mlp_late,197890,0.7548904418945312,394240,0.26047998666763306,0.2682975873351097,9.890625,cuda,50,200
fakeddit,siglip,linear,3074,0.01172637939453125,6144,0.06454399973154068,0.09513760171830654,9.1494140625,cuda,50,200
mbrset,biomedclip,mlp_early,131714,0.5024490356445312,262656,0.16679999977350235,0.21201759725809097,9.6376953125,cuda,50,200
fakeddit,siglip,gated_attention,230788,0.8803863525390625,459906,0.39020800590515137,0.40653439611196485,10.01806640625,cuda,50,200
fakeddit,clip,mlp_late,132354,0.5048904418945312,263168,0.26051199436187744,0.2831695884466171,9.638671875,cuda,50,200
mbrset,medsiglip,mlp_late,296194,1.1298904418945312,590848,0.2611840069293976,0.2928351879119873,10.2685546875,cuda,50,200
mbrset,medsiglip,image_only,2306,0.00879669189453125,4608,0.0427360013127327,0.06205919943749904,9.1435546875,cuda,50,200
